-- MySQL dump 10.13  Distrib 5.1.38, for Win32 (ia32)
--
-- Host: localhost    Database: consulting
-- ------------------------------------------------------
-- Server version	5.1.38-community

/*!40101 SET @OLD_CHARACTER_SET_CLIENT=@@CHARACTER_SET_CLIENT */;
/*!40101 SET @OLD_CHARACTER_SET_RESULTS=@@CHARACTER_SET_RESULTS */;
/*!40101 SET @OLD_COLLATION_CONNECTION=@@COLLATION_CONNECTION */;
/*!40101 SET NAMES utf8 */;
/*!40103 SET @OLD_TIME_ZONE=@@TIME_ZONE */;
/*!40103 SET TIME_ZONE='+00:00' */;
/*!40014 SET @OLD_UNIQUE_CHECKS=@@UNIQUE_CHECKS, UNIQUE_CHECKS=0 */;
/*!40014 SET @OLD_FOREIGN_KEY_CHECKS=@@FOREIGN_KEY_CHECKS, FOREIGN_KEY_CHECKS=0 */;
/*!40101 SET @OLD_SQL_MODE=@@SQL_MODE, SQL_MODE='NO_AUTO_VALUE_ON_ZERO' */;
/*!40111 SET @OLD_SQL_NOTES=@@SQL_NOTES, SQL_NOTES=0 */;

--
-- Table structure for table `companies`
--

DROP TABLE IF EXISTS `companies`;
/*!40101 SET @saved_cs_client     = @@character_set_client */;
/*!40101 SET character_set_client = utf8 */;
CREATE TABLE `companies` (
  `id` int(10) unsigned NOT NULL AUTO_INCREMENT,
  `name` varchar(64) DEFAULT NULL,
  `address` varchar(64) DEFAULT NULL,
  `city` varchar(32) DEFAULT NULL,
  `state` char(2) DEFAULT NULL,
  `zip` varchar(16) DEFAULT NULL,
  `billingContact` varchar(32) DEFAULT NULL,
  `billPeriod` enum('Weekly','BiWeekly','BiMonthly','Monthly') DEFAULT 'BiMonthly',
  `biWeeklyDate` datetime DEFAULT NULL,
  `hoursPerWeek` float(4,2) DEFAULT '40.00',
  `decimalPrecision` int(10) unsigned DEFAULT '3',
  `timesheetPath` varchar(255) DEFAULT NULL,
  `invoicePath` varchar(255) DEFAULT NULL,
  `punchInOffset` int(10) unsigned DEFAULT '0',
  `punchOutOffset` int(10) unsigned DEFAULT '0',
  `defaultHourlyRate` int(10) unsigned NOT NULL DEFAULT '6000',
  PRIMARY KEY (`id`)
) ENGINE=MyISAM AUTO_INCREMENT=7 DEFAULT CHARSET=latin1 ROW_FORMAT=DYNAMIC;
/*!40101 SET character_set_client = @saved_cs_client */;

--
-- Dumping data for table `companies`
--

LOCK TABLES `companies` WRITE;
/*!40000 ALTER TABLE `companies` DISABLE KEYS */;
INSERT INTO `companies` VALUES (1,'Palliser Furniture Ltd.','170 Furniture Park','Winnipeg','MB','R2G 1B9','Jon Labun','BiMonthly',NULL,5.00,3,'C:/Consulting Work/Palliser/Accounting/timesheets','C:/Consulting Work/Palliser/Accounting/invoices',0,0,6000),(4,'National Executive (Sita1)','3200 Dufferin St','North York','ON','M6A 3B2','George Singh','BiWeekly','2003-05-07 00:00:00',40.00,2,'C:/Consulting Work/NationalExecutive/Accounting/timesheets','C:/Consulting Work/NationalExecutive/Accounting/invoices',51,60,4500),(5,'National Executive (Sita2)','3200 Dufferin St','North York','ON','M6A 3B2','George Singh','BiWeekly','2003-11-10 00:00:00',40.00,2,'C:/Consulting Work/NationalExecutive/Accounting/timesheets','C:/Consulting Work/NationalExecutive/Accounting/invoices',40,125,4500),(6,'Simulation Curriculum Canada Corp','5666 Lincoln Dr, Suite 260','Edina','MN','55436','Seth Meyers','BiMonthly',NULL,25.00,3,'C:/Consulting Work/SimCur/Accounting/timesheets','C:/Consulting Work/SimCur/Accounting/invoices',11,6,7500);
/*!40000 ALTER TABLE `companies` ENABLE KEYS */;
UNLOCK TABLES;

--
-- Table structure for table `expenses`
--

DROP TABLE IF EXISTS `expenses`;
/*!40101 SET @saved_cs_client     = @@character_set_client */;
/*!40101 SET character_set_client = utf8 */;
CREATE TABLE `expenses` (
  `id` int(11) NOT NULL AUTO_INCREMENT,
  `companyID` int(11) DEFAULT NULL,
  `date` datetime DEFAULT NULL,
  `amount` int(11) unsigned DEFAULT NULL,
  `gstApplicable` int(11) DEFAULT '0',
  `description` varchar(64) DEFAULT NULL,
  PRIMARY KEY (`id`)
) ENGINE=MyISAM DEFAULT CHARSET=latin1 ROW_FORMAT=DYNAMIC;
/*!40101 SET character_set_client = @saved_cs_client */;

--
-- Dumping data for table `expenses`
--

LOCK TABLES `expenses` WRITE;
/*!40000 ALTER TABLE `expenses` DISABLE KEYS */;
/*!40000 ALTER TABLE `expenses` ENABLE KEYS */;
UNLOCK TABLES;

--
-- Table structure for table `invoices`
--

DROP TABLE IF EXISTS `invoices`;
/*!40101 SET @saved_cs_client     = @@character_set_client */;
/*!40101 SET character_set_client = utf8 */;
CREATE TABLE `invoices` (
  `id` int(11) NOT NULL DEFAULT '0',
  `companyID` int(11) DEFAULT NULL,
  `periodStart` datetime DEFAULT NULL,
  `periodEnd` datetime DEFAULT NULL,
  `date` datetime DEFAULT NULL,
  `total` int(11) unsigned DEFAULT NULL,
  `gst` int(11) unsigned DEFAULT NULL,
  PRIMARY KEY (`id`)
) ENGINE=MyISAM DEFAULT CHARSET=latin1 ROW_FORMAT=DYNAMIC;
/*!40101 SET character_set_client = @saved_cs_client */;

--
-- Dumping data for table `invoices`
--

LOCK TABLES `invoices` WRITE;
/*!40000 ALTER TABLE `invoices` DISABLE KEYS */;
INSERT INTO `invoices` VALUES (1,1,'2003-02-01 00:00:00','2003-02-15 23:59:59','2003-02-18 00:00:00',106800,7476),(11,1,'2003-02-16 00:00:00','2003-02-28 23:59:59','2003-03-01 00:09:58',129960,9097),(12,1,'2003-03-01 00:00:00','2003-03-15 23:59:59','2003-03-16 11:28:05',51060,3574),(13,1,'2003-03-16 00:00:00','2003-03-31 23:59:59','2003-04-02 09:29:24',126552,8859),(14,1,'2003-04-01 00:00:00','2003-04-15 23:59:59','2003-04-16 15:54:22',18546,1298),(15,1,'2003-04-16 00:00:00','2003-04-30 23:59:59','2003-04-30 20:44:46',90528,6337),(16,4,'2003-05-07 00:00:00','2003-05-20 23:59:59','2003-05-20 21:28:20',292617,20483),(17,4,'2003-05-21 00:00:00','2003-06-03 23:59:59','2003-06-04 08:10:16',333734,23361),(18,4,'2003-06-04 00:00:00','2003-06-17 23:59:59','2003-06-18 08:15:13',330309,23122),(19,4,'2003-06-18 00:00:00','2003-07-01 23:59:59','2003-07-02 09:30:36',310140,21710),(20,1,'2003-06-16 00:00:00','2003-06-30 23:59:59','2003-07-09 23:40:20',21318,1492),(21,4,'2003-07-02 00:00:00','2003-07-15 23:59:59','2003-07-15 16:21:00',346950,24287),(22,1,'2003-07-01 00:00:00','2003-07-15 23:59:59','2003-07-16 14:13:26',7014,491),(23,4,'2003-07-16 00:00:00','2003-07-29 23:59:59','2003-07-30 08:39:07',343260,24028),(40,5,'2004-03-01 00:00:00','2004-03-14 23:59:59','2004-03-15 10:40:35',333900,23373),(25,4,'2003-07-30 00:00:00','2003-08-12 23:59:59','2003-08-13 09:40:07',303570,21250),(26,4,'2003-08-13 00:00:00','2003-08-26 23:59:59','2003-08-27 10:15:21',322920,22604),(27,4,'2003-08-27 00:00:00','2003-09-09 23:59:59','2003-09-10 08:52:14',356265,24939),(28,4,'2003-09-10 00:00:00','2003-09-23 23:59:59','2003-09-23 23:04:34',344160,24091),(29,4,'2003-09-24 00:00:00','2003-10-07 23:59:59','2003-10-08 09:02:27',336330,23543),(30,4,'2003-10-08 00:00:00','2003-10-21 23:59:59','2003-10-22 09:04:54',371295,25991),(31,4,'2003-10-22 00:00:00','2003-11-04 23:59:59','2003-10-31 15:46:09',355905,24913),(32,5,'2003-11-10 00:00:00','2003-11-23 23:59:59','2003-11-24 09:09:32',345735,24201),(33,5,'2003-11-24 00:00:00','2003-12-07 23:59:59','2003-12-08 08:23:22',240795,16856),(34,5,'2003-12-08 00:00:00','2003-12-21 23:59:59','2003-12-17 08:34:42',363375,25436),(35,5,'2003-12-22 00:00:00','2004-01-04 23:59:59','2004-01-07 07:55:46',266670,18667),(36,5,'2004-01-05 00:00:00','2004-01-18 23:59:59','2004-01-19 08:50:05',280800,19656),(37,5,'2004-01-19 00:00:00','2004-02-01 23:59:59','2004-02-02 08:55:12',334800,23436),(38,5,'2004-02-02 00:00:00','2004-02-15 23:59:59','2004-02-16 09:35:21',338985,23729),(39,5,'2004-02-16 00:00:00','2004-02-29 23:59:59','2004-03-01 09:57:34',305100,21357),(41,5,'2004-03-15 00:00:00','2004-03-28 23:59:59','2004-03-29 09:23:09',254790,17835),(42,5,'2004-03-29 00:00:00','2004-04-12 23:59:59','2004-04-02 10:32:56',167625,11734);
/*!40000 ALTER TABLE `invoices` ENABLE KEYS */;
UNLOCK TABLES;

--
-- Table structure for table `provinces`
--

DROP TABLE IF EXISTS `provinces`;
/*!40101 SET @saved_cs_client     = @@character_set_client */;
/*!40101 SET character_set_client = utf8 */;
CREATE TABLE `provinces` (
  `id` smallint(5) unsigned NOT NULL AUTO_INCREMENT COMMENT 'PK: Unique province ID',
  `name` varchar(32) NOT NULL,
  `abbr` varchar(8) NOT NULL,
  PRIMARY KEY (`id`)
) ENGINE=MyISAM AUTO_INCREMENT=14 DEFAULT CHARSET=latin1 ROW_FORMAT=DYNAMIC;
/*!40101 SET character_set_client = @saved_cs_client */;

--
-- Dumping data for table `provinces`
--

LOCK TABLES `provinces` WRITE;
/*!40000 ALTER TABLE `provinces` DISABLE KEYS */;
INSERT INTO `provinces` VALUES (1,'Alberta','AB'),(2,'British Columbia','BC'),(3,'Manitoba','MB'),(4,'New Brunswick','NB'),(5,'Newfoundland and Labrador','NL'),(6,'Northwest Territories','NT'),(7,'Nova Scotia','NS'),(8,'Nunavut','NU'),(9,'Ontario','ON'),(10,'Prince Edward Island','PE'),(11,'Quebec','QC'),(12,'Saskatchewan','SK'),(13,'Yukon','YT');
/*!40000 ALTER TABLE `provinces` ENABLE KEYS */;
UNLOCK TABLES;

--
-- Table structure for table `states`
--

DROP TABLE IF EXISTS `states`;
/*!40101 SET @saved_cs_client     = @@character_set_client */;
/*!40101 SET character_set_client = utf8 */;
CREATE TABLE `states` (
  `id` smallint(5) unsigned NOT NULL AUTO_INCREMENT COMMENT 'PK: Unique state ID',
  `name` varchar(32) NOT NULL COMMENT 'State name with first letter capital',
  `abbr` varchar(8) DEFAULT NULL COMMENT 'Optional state abbreviation (US is 2 capital letters)',
  PRIMARY KEY (`id`)
) ENGINE=MyISAM AUTO_INCREMENT=52 DEFAULT CHARSET=latin1 ROW_FORMAT=DYNAMIC;
/*!40101 SET character_set_client = @saved_cs_client */;

--
-- Dumping data for table `states`
--

LOCK TABLES `states` WRITE;
/*!40000 ALTER TABLE `states` DISABLE KEYS */;
INSERT INTO `states` VALUES (1,'Alabama','AL'),(2,'Alaska','AK'),(3,'Arizona','AZ'),(4,'Arkansas','AR'),(5,'California','CA'),(6,'Colorado','CO'),(7,'Connecticut','CT'),(8,'Delaware','DE'),(9,'District of Columbia','DC'),(10,'Florida','FL'),(11,'Georgia','GA'),(12,'Hawaii','HI'),(13,'Idaho','ID'),(14,'Illinois','IL'),(15,'Indiana','IN'),(16,'Iowa','IA'),(17,'Kansas','KS'),(18,'Kentucky','KY'),(19,'Louisiana','LA'),(20,'Maine','ME'),(21,'Maryland','MD'),(22,'Massachusetts','MA'),(23,'Michigan','MI'),(24,'Minnesota','MN'),(25,'Mississippi','MS'),(26,'Missouri','MO'),(27,'Montana','MT'),(28,'Nebraska','NE'),(29,'Nevada','NV'),(30,'New Hampshire','NH'),(31,'New Jersey','NJ'),(32,'New Mexico','NM'),(33,'New York','NY'),(34,'North Carolina','NC'),(35,'North Dakota','ND'),(36,'Ohio','OH'),(37,'Oklahoma','OK'),(38,'Oregon','OR'),(39,'Pennsylvania','PA'),(40,'Rhode Island','RI'),(41,'South Carolina','SC'),(42,'South Dakota','SD'),(43,'Tennessee','TN'),(44,'Texas','TX'),(45,'Utah','UT'),(46,'Vermont','VT'),(47,'Virginia','VA'),(48,'Washington','WA'),(49,'West Virginia','WV'),(50,'Wisconsin','WI'),(51,'Wyoming','WY');
/*!40000 ALTER TABLE `states` ENABLE KEYS */;
UNLOCK TABLES;

--
-- Table structure for table `tasks`
--

DROP TABLE IF EXISTS `tasks`;
/*!40101 SET @saved_cs_client     = @@character_set_client */;
/*!40101 SET character_set_client = utf8 */;
CREATE TABLE `tasks` (
  `id` int(11) NOT NULL AUTO_INCREMENT,
  `companyID` int(11) DEFAULT NULL,
  `name` varchar(64) DEFAULT NULL,
  `code` varchar(16) DEFAULT NULL,
  `rate` int(11) DEFAULT NULL,
  PRIMARY KEY (`id`)
) ENGINE=MyISAM AUTO_INCREMENT=8 DEFAULT CHARSET=latin1 ROW_FORMAT=DYNAMIC;
/*!40101 SET character_set_client = @saved_cs_client */;

--
-- Dumping data for table `tasks`
--

LOCK TABLES `tasks` WRITE;
/*!40000 ALTER TABLE `tasks` DISABLE KEYS */;
INSERT INTO `tasks` VALUES (1,1,'Freight Calculation','844',6000),(2,4,'UI Enhancements','---',4500),(3,5,'ACN ASCII Config Converter','---',4500),(4,6,'Starry Night',NULL,7500),(5,6,'TLE',NULL,7500),(6,6,'Support',NULL,7500);
/*!40000 ALTER TABLE `tasks` ENABLE KEYS */;
UNLOCK TABLES;

--
-- Table structure for table `timelog`
--

DROP TABLE IF EXISTS `timelog`;
/*!40101 SET @saved_cs_client     = @@character_set_client */;
/*!40101 SET character_set_client = utf8 */;
CREATE TABLE `timelog` (
  `id` int(11) NOT NULL AUTO_INCREMENT,
  `companyID` int(11) unsigned DEFAULT NULL,
  `taskID` int(11) DEFAULT NULL,
  `start` datetime DEFAULT NULL,
  `end` datetime DEFAULT NULL,
  `comment` varchar(64) DEFAULT NULL,
  PRIMARY KEY (`id`)
) ENGINE=MyISAM AUTO_INCREMENT=517 DEFAULT CHARSET=latin1 ROW_FORMAT=DYNAMIC;
/*!40101 SET character_set_client = @saved_cs_client */;

--
-- Dumping data for table `timelog`
--

LOCK TABLES `timelog` WRITE;
/*!40000 ALTER TABLE `timelog` DISABLE KEYS */;
INSERT INTO `timelog` VALUES (1,1,1,'2003-02-03 10:10:00','2003-02-03 11:15:00','Initial project scope determination'),(2,1,1,'2003-02-03 12:45:00','2003-02-03 17:02:00','Initial project scope determination'),(3,1,1,'2003-02-04 12:14:27','2003-02-04 13:53:46','Installation of project-related software'),(11,1,1,'2003-02-07 09:31:09','2003-02-07 09:46:10','Cost-by-customer calculation algorithm implementation'),(10,1,1,'2003-02-06 13:37:49','2003-02-06 16:52:59','Cost-by-customer calculation algorithm design/validation'),(9,1,1,'2003-02-06 11:42:37','2003-02-06 12:15:00','Cost-by-customer calculation algorithm design/validation'),(8,1,1,'2003-02-06 09:06:46','2003-02-06 11:14:20','Cost-by-customer calculation algorithm design/validation'),(12,1,1,'2003-02-07 10:14:17','2003-02-07 12:24:49','Cost-by-customer calculation algorithm implementation'),(13,1,1,'2003-02-07 13:26:27','2003-02-07 15:54:34','Cost-by-customer calculation algorithm implementation'),(17,1,1,'2003-02-19 10:53:03','2003-02-19 16:15:06','Researching Office Application Automation'),(18,1,1,'2003-02-23 13:25:07','2003-02-23 15:18:26','Spreadsheet generation code'),(19,1,1,'2003-02-23 22:16:37','2003-02-24 00:01:54','Spreadsheet generation code'),(20,1,1,'2003-02-24 11:24:01','2003-02-24 16:03:33','Spreadsheet generation code'),(21,1,1,'2003-02-24 17:40:26','2003-02-24 18:00:27','Spreadsheet generation code'),(23,1,1,'2003-02-24 21:33:45','2003-02-24 23:28:39','Spreadsheet generation code'),(24,1,1,'2003-02-25 10:46:39','2003-02-25 11:29:36','Researching Office Application Automation'),(25,1,1,'2003-02-25 11:29:55','2003-02-25 11:57:14','Project Status'),(26,1,1,'2003-02-27 09:55:46','2003-02-27 10:43:58','Spreadsheet generation code'),(27,1,1,'2003-02-27 13:20:15','2003-02-27 13:43:38','Spreadsheet generation code'),(28,1,1,'2003-02-27 13:43:44','2003-02-27 17:06:40','Researching Office Application Automation'),(29,1,1,'2003-03-10 11:06:12','2003-03-10 12:57:38','Researching PCMiler DLL'),(30,1,1,'2003-03-10 13:09:03','2003-03-10 13:42:37','Researching PCMiler DLL'),(31,1,1,'2003-03-10 17:23:49','2003-03-10 17:57:55','Researching PCMiler DLL'),(32,1,1,'2003-03-10 21:10:54','2003-03-10 22:14:41','Researching PCMiler DLL'),(33,1,1,'2003-03-10 22:15:03','2003-03-11 00:37:58','Generating PCMiler wrapper DLLs'),(34,1,1,'2003-03-11 08:46:58','2003-03-11 10:15:33','Generating PCMiler wrapper DLLs'),(35,1,1,'2003-03-11 11:11:55','2003-03-11 11:48:09','Project Status'),(36,1,1,'2003-03-17 10:45:29','2003-03-17 11:58:29','Cost-by-customer calculation algorithm implementation'),(37,1,1,'2003-03-17 13:33:52','2003-03-17 15:15:15','Cost-by-customer calculation algorithm implementation'),(38,1,1,'2003-03-17 16:46:28','2003-03-17 17:58:36','Cost-by-customer calculation algorithm implementation'),(39,1,1,'2003-03-17 19:44:01','2003-03-17 22:59:45','Cost-by-customer calculation algorithm implementation'),(40,1,1,'2003-03-18 10:06:40','2003-03-18 11:07:45','Cost-by-customer calculation algorithm implementation'),(41,1,1,'2003-03-18 11:36:45','2003-03-18 12:25:37','Project meeting'),(42,1,1,'2003-03-18 13:52:15','2003-03-18 14:45:33','Cost-by-customer calculation algorithm implementation'),(43,1,1,'2003-03-19 10:10:05','2003-03-19 11:53:42','Cost-by-customer calculation algorithm implementation'),(44,1,1,'2003-03-19 13:20:44','2003-03-19 14:44:05','Cost-by-customer calculation algorithm implementation'),(45,1,1,'2003-03-19 14:44:18','2003-03-19 16:20:25','Cost-by-customer calculation error handling'),(46,1,1,'2003-03-20 10:27:48','2003-03-20 11:26:15','Cost-by-customer calculation error handling'),(47,1,1,'2003-03-20 12:41:02','2003-03-20 15:07:02','Cost-by-customer calculation algorithm implementation'),(48,1,1,'2003-03-24 10:06:02','2003-03-24 10:49:20','Cost-by-customer calculation error handling'),(49,1,1,'2003-03-24 22:13:14','2003-03-24 23:32:00','Cost-by-customer calculation algorithm implementation'),(50,1,1,'2003-03-28 13:36:30','2003-03-28 14:26:54','Cost-by-customer calculation algorithm implementation'),(51,1,1,'2003-04-04 10:39:43','2003-04-04 10:58:19','Cost-by-customer calculation algorithm implementation'),(52,1,1,'2003-04-08 10:47:32','2003-04-08 12:03:32','Cost-by-customer calculation algorithm implementation'),(53,1,1,'2003-04-09 09:38:58','2003-04-09 09:55:05','Phone conversation'),(54,1,1,'2003-04-09 09:55:12','2003-04-09 10:04:56','Cost-by-customer calculation algorithm implementation'),(55,1,1,'2003-04-09 14:13:29','2003-04-09 15:18:29','Cost-by-customer calculation algorithm implementation'),(56,1,1,'2003-04-22 09:45:18','2003-04-22 10:57:09','Cost-by-customer calculation algorithm implementation'),(57,1,1,'2003-04-22 11:38:23','2003-04-22 12:10:10','Phone conversation'),(58,1,1,'2003-04-23 11:18:19','2003-04-23 12:32:00','Cost-by-customer calculation error handling'),(59,1,1,'2003-04-23 12:32:08','2003-04-23 12:55:13','Cost-by-customer calculation algorithm implementation'),(60,1,1,'2003-04-23 13:35:24','2003-04-23 15:42:12','Cost-by-customer calculation algorithm implementation'),(61,1,1,'2003-04-23 20:28:13','2003-04-23 21:32:17','Cost-by-customer calculation error handling'),(62,1,1,'2003-04-23 21:39:31','2003-04-24 00:07:32','Cost-by-customer calculation algorithm implementation'),(63,1,1,'2003-04-24 12:53:21','2003-04-24 15:05:46','Cost-by-customer calculation algorithm implementation'),(64,1,1,'2003-04-24 22:16:24','2003-04-25 00:04:29','Cost-by-customer calculation algorithm implementation'),(65,1,1,'2003-04-25 00:39:29','2003-04-25 01:33:42','Cost-by-customer calculation algorithm implementation'),(66,1,1,'2003-04-25 08:07:49','2003-04-25 09:19:04','Cost-by-customer calculation algorithm implementation'),(68,4,2,'2003-05-07 08:02:28','2003-05-07 12:42:17','Initial orientation'),(69,4,2,'2003-05-07 13:05:23','2003-05-07 16:10:05','Initial orientation'),(70,4,2,'2003-05-08 08:01:21','2003-05-08 12:05:05','Initial orientation'),(71,4,2,'2003-05-08 12:40:08','2003-05-08 16:02:11','Initial orientation'),(72,4,2,'2003-05-09 07:55:25','2003-05-09 12:10:28','Initial orientation'),(73,4,2,'2003-05-09 12:35:31','2003-05-09 16:02:34','Initial orientation'),(74,4,2,'2003-05-12 08:01:58','2003-05-12 12:07:41','Researching project'),(75,4,2,'2003-05-12 12:40:17','2003-05-12 16:02:00','Researching project'),(76,4,2,'2003-05-13 07:59:30','2003-05-13 12:00:34','IXPAD SNAP class implementation'),(77,4,2,'2003-05-13 12:36:32','2003-05-13 15:58:00','IXPAD SNAP class implementation'),(78,4,2,'2003-05-14 08:03:29','2003-05-14 11:55:13','Researching project'),(79,4,2,'2003-05-14 12:27:19','2003-05-14 15:59:19','Researching project'),(80,4,2,'2003-05-15 08:03:06','2003-05-15 09:35:40','Researching project'),(81,4,2,'2003-05-15 09:35:57','2003-05-15 11:32:10','Learning SNAP'),(82,4,2,'2003-05-15 11:32:44','2003-05-15 11:56:09','GUI Design'),(83,4,2,'2003-05-15 12:31:24','2003-05-15 13:49:20','GUI Design'),(84,4,2,'2003-05-16 08:01:17','2003-05-16 11:55:31','GUI Design'),(85,4,2,'2003-05-16 12:30:14','2003-05-16 15:58:12','GUI Design'),(86,4,2,'2003-05-20 08:03:58','2003-05-20 12:20:01','Learning SNAP'),(87,4,2,'2003-05-20 12:52:09','2003-05-20 15:59:12','IXPAD SNAP class implementation'),(88,4,2,'2003-05-21 08:02:58','2003-05-21 12:05:03','IXPAD SNAP class implementation'),(89,4,2,'2003-05-21 12:35:05','2003-05-21 16:00:10','IXPAD SNAP class implementation'),(90,4,2,'2003-05-22 08:01:17','2003-05-22 11:55:22','IXPAD SNAP class implementation'),(91,4,2,'2003-05-22 12:21:13','2003-05-22 13:23:19','IXPAD SNAP class implementation'),(92,4,2,'2003-05-23 08:05:57','2003-05-23 12:15:21','GUI Design'),(93,4,2,'2003-05-23 12:44:26','2003-05-23 15:59:07','GUI Design'),(94,4,2,'2003-05-26 08:05:14','2003-05-26 12:16:45','GUI Design'),(95,4,2,'2003-05-26 12:50:48','2003-05-26 15:59:16','GUI Design'),(96,4,2,'2003-05-27 08:03:41','2003-05-27 12:09:10','GUI Design'),(97,4,2,'2003-05-27 12:35:03','2003-05-27 16:00:40','GUI Design'),(98,4,2,'2003-05-28 08:00:09','2003-05-28 12:49:42','GUI Design'),(99,4,2,'2003-05-28 13:11:58','2003-05-28 16:00:42','GUI Design'),(100,4,2,'2003-05-29 08:03:29','2003-05-29 12:15:00','GUI Design'),(101,4,2,'2003-05-29 12:46:43','2003-05-29 16:04:47','GUI Design'),(102,4,2,'2003-05-30 08:05:10','2003-05-30 12:05:58','IXPAD SNAP class implementation'),(103,4,2,'2003-05-30 12:05:59','2003-05-30 13:36:14','Company Meeting'),(104,4,2,'2003-05-30 13:36:15','2003-05-30 16:29:25','IXPAD SNAP class implementation'),(105,4,2,'2003-06-02 07:58:29','2003-06-02 12:10:21','IXPAD SNAP class implementation'),(106,4,2,'2003-06-02 12:32:40','2003-06-02 16:27:35','IXPAD SNAP class implementation'),(107,4,2,'2003-06-03 08:00:27','2003-06-03 11:57:46','GUI Design'),(108,4,2,'2003-06-03 12:43:14','2003-06-03 16:38:17','GUI Design'),(109,4,2,'2003-06-04 08:01:41','2003-06-04 11:56:01','GUI Design'),(110,4,2,'2003-06-04 13:13:14','2003-06-04 16:27:01','GUI Design'),(111,4,2,'2003-06-05 09:48:33','2003-06-05 12:11:04','Researching project'),(112,4,2,'2003-06-05 12:32:55','2003-06-05 16:29:40','Researching project'),(113,4,2,'2003-06-06 07:41:40','2003-06-06 11:47:00','IXPAD SNAP class implementation'),(114,4,2,'2003-06-09 08:05:07','2003-06-09 12:02:41','IXPAD SNAP class implementation'),(115,4,2,'2003-06-09 12:43:33','2003-06-09 16:30:16','IXPAD SNAP class implementation'),(116,4,2,'2003-06-10 08:02:19','2003-06-10 12:02:31','IXPAD SNAP class implementation'),(117,4,2,'2003-06-10 12:40:29','2003-06-10 16:27:51','GUI Design'),(118,4,2,'2003-06-11 08:02:34','2003-06-11 11:37:57','GUI Design'),(119,4,2,'2003-06-11 12:21:46','2003-06-11 16:18:39','IXPAD SNAP class implementation'),(120,4,2,'2003-06-12 07:59:52','2003-06-12 12:07:17','IXPAD SNAP class implementation'),(121,4,2,'2003-06-12 12:19:29','2003-06-12 16:34:52','IXPAD SNAP class implementation'),(122,4,2,'2003-06-13 07:59:36','2003-06-13 12:01:08','IXPAD SNAP class implementation'),(123,4,2,'2003-06-13 12:29:54','2003-06-13 16:32:03','IXPAD SNAP class implementation'),(124,4,2,'2003-06-16 08:11:21','2003-06-16 12:29:09','IXPAD SNAP class implementation'),(125,4,2,'2003-06-16 12:42:50','2003-06-16 16:33:27','IXPAD SNAP class implementation'),(126,4,2,'2003-06-17 07:58:09','2003-06-17 12:17:08','IXPAD Configurator Testing'),(127,4,2,'2003-06-17 12:35:14','2003-06-17 16:28:38','IXPAD Configurator Testing'),(128,1,1,'2003-06-17 20:55:04','2003-06-18 00:28:13','Cost-by-customer calculation error handling'),(129,4,2,'2003-06-18 08:02:11','2003-06-18 09:38:18','MATIP Gateway Research'),(130,4,2,'2003-06-18 09:28:32','2003-06-18 12:20:45','IXPAD SNAP class implementation'),(131,4,2,'2003-06-18 12:42:53','2003-06-18 16:16:17','MATIP Gateway Research'),(132,4,2,'2003-06-19 08:01:32','2003-06-19 12:18:56','MATIP SNAP class implementation'),(133,4,2,'2003-06-19 12:46:31','2003-06-19 16:32:13','MATIP SNAP class implementation'),(134,4,2,'2003-06-20 08:06:17','2003-06-20 12:20:15','MATIP SNAP class implementation'),(135,4,2,'2003-06-20 12:45:53','2003-06-20 16:18:02','MATIP SNAP class implementation'),(136,4,2,'2003-06-23 08:13:14','2003-06-23 12:03:31','MATIP SNAP class implementation'),(137,4,2,'2003-06-23 12:46:14','2003-06-23 16:39:12','MATIP SNAP class implementation'),(138,4,2,'2003-06-24 08:11:11','2003-06-24 11:48:46','MATIP SNAP class implementation'),(139,4,2,'2003-06-24 12:10:05','2003-06-24 16:29:46','MATIP SNAP class implementation'),(140,4,2,'2003-06-25 08:08:46','2003-06-25 11:09:43','MATIP SNAP class implementation'),(142,4,2,'2003-06-25 11:02:31','2003-06-25 12:26:26','MLP to LAPB'),(143,4,2,'2003-06-25 12:48:23','2003-06-25 15:58:38','MLP to LAPB'),(144,4,2,'2003-06-26 08:11:06','2003-06-26 12:22:43','MLP to LAPB'),(145,4,2,'2003-06-26 12:50:49','2003-06-26 16:23:27','GUI Design'),(146,4,2,'2003-06-27 08:05:05','2003-06-27 12:04:03','GUI Design'),(147,4,2,'2003-06-27 12:37:03','2003-06-27 15:47:54','GUI Design'),(148,4,2,'2003-06-30 08:14:14','2003-06-30 09:16:53','GUI Design'),(149,4,2,'2003-06-30 09:25:10','2003-06-30 12:26:00','GUI Design'),(150,4,2,'2003-06-30 13:14:48','2003-06-30 16:06:05','GUI Design'),(151,4,2,'2003-07-02 08:09:47','2003-07-02 12:19:46','GUI Design'),(152,4,2,'2003-07-02 12:45:44','2003-07-02 16:45:46','GUI Design'),(153,4,2,'2003-07-03 08:09:45','2003-07-03 10:09:23','GUI Design'),(154,4,2,'2003-07-03 10:02:45','2003-07-03 12:23:26','MATIP Gateway Configurator Testing'),(155,4,2,'2003-07-03 12:51:38','2003-07-03 16:30:42','IXPAD Configurator Testing'),(156,4,2,'2003-07-04 08:11:20','2003-07-04 12:23:32','IXPAD Configurator Enhancements'),(157,4,2,'2003-07-04 12:56:49','2003-07-04 16:27:40','IXPAD Configurator Enhancements'),(158,4,2,'2003-07-07 08:10:58','2003-07-07 08:52:12','MLP to LAPB'),(159,4,2,'2003-07-07 08:52:23','2003-07-07 12:04:16','IXPAD Configurator Enhancements'),(160,4,2,'2003-07-07 12:36:13','2003-07-07 16:24:27','IXPAD Configurator Enhancements'),(161,4,2,'2003-07-08 08:11:46','2003-07-08 13:29:26','IXPAD Configurator Enhancements'),(162,4,2,'2003-07-08 13:58:16','2003-07-08 16:39:41','IXPAD Configurator Enhancements'),(163,4,2,'2003-07-09 08:10:13','2003-07-09 12:20:20','IXPAD Configurator Enhancements'),(164,4,2,'2003-07-09 12:49:54','2003-07-09 13:04:54','IXPAD Configurator Enhancements'),(165,4,2,'2003-07-09 13:10:16','2003-07-09 16:44:56','Hard drive rebuild'),(166,1,1,'2003-07-09 22:20:26','2003-07-09 23:30:36','Cost-by-customer calculation error handling'),(167,4,2,'2003-07-10 08:05:24','2003-07-10 13:10:31','Hard drive rebuild'),(168,4,2,'2003-07-10 15:11:37','2003-07-10 17:04:42','Hard drive rebuild'),(169,4,2,'2003-07-11 08:12:06','2003-07-11 09:37:06','Hard drive rebuild'),(170,4,2,'2003-07-11 09:41:30','2003-07-11 12:09:17','MLP to LAPB'),(171,4,2,'2003-07-11 13:04:42','2003-07-11 14:33:14','MLP to LAPB'),(172,4,2,'2003-07-11 15:00:36','2003-07-11 16:38:01','MLP to LAPB'),(173,4,2,'2003-07-14 08:19:05','2003-07-14 12:13:40','MLP to LAPB'),(174,4,2,'2003-07-14 12:37:12','2003-07-14 16:32:38','MLP to LAPB'),(175,4,2,'2003-07-15 08:07:34','2003-07-15 12:41:40','MLP to LAPB'),(176,4,2,'2003-07-15 13:17:53','2003-07-15 16:30:01','MLP to LAPB'),(177,4,2,'2003-07-16 08:11:53','2003-07-16 09:28:21','MLP to LAPB'),(178,4,2,'2003-07-16 09:28:29','2003-07-16 12:22:09','GUI Design'),(179,4,2,'2003-07-16 12:50:12','2003-07-16 16:35:20','GUI Design'),(180,4,2,'2003-07-17 08:20:01','2003-07-17 12:36:21','GUI Design'),(181,4,2,'2003-07-17 13:07:26','2003-07-17 17:05:44','GUI Design'),(182,4,2,'2003-07-18 08:08:06','2003-07-18 12:22:30','GUI Design'),(183,4,2,'2003-07-18 12:47:50','2003-07-18 15:14:29','GUI Design'),(184,4,2,'2003-07-21 08:20:00','2003-07-21 12:17:00','Integrated String Length Validator'),(185,4,2,'2003-07-21 12:55:57','2003-07-21 16:37:57','Integrated String Length Validator'),(186,4,2,'2003-07-22 08:08:24','2003-07-22 13:45:00','Integrated String Length Validator'),(187,4,2,'2003-07-22 14:08:55','2003-07-22 16:16:09','Integrated String Length Validator'),(188,4,2,'2003-07-23 08:27:27','2003-07-23 12:53:42','Integrated String Length Validator'),(189,4,2,'2003-07-23 13:13:48','2003-07-23 16:29:26','VRRP'),(190,4,2,'2003-07-24 08:19:01','2003-07-24 12:05:55','VRRP'),(191,4,2,'2003-07-24 13:35:00','2003-07-24 16:30:38','VRRP'),(192,4,2,'2003-07-25 08:15:00','2003-07-25 11:55:01','VRRP'),(193,4,2,'2003-07-25 12:39:42','2003-07-25 16:37:50','VRRP'),(194,4,2,'2003-07-28 08:20:51','2003-07-28 12:05:20','VRRP'),(195,4,2,'2003-07-28 12:24:15','2003-07-28 16:29:34','VRRP'),(196,4,2,'2003-07-29 08:20:56','2003-07-29 12:07:38','VRRP'),(197,4,2,'2003-07-29 12:20:45','2003-07-29 16:44:34','VRRP'),(198,4,2,'2003-07-30 08:28:05','2003-07-30 12:15:39','VRRP'),(199,4,2,'2003-07-30 12:40:46','2003-07-30 16:46:01','VRRP'),(200,4,2,'2003-07-31 08:26:27','2003-07-31 12:38:50','VRRP'),(201,4,2,'2003-07-31 13:01:58','2003-07-31 15:43:33','VRRP'),(202,4,2,'2003-08-01 08:37:51','2003-08-01 12:01:28','VRRP'),(203,4,2,'2003-08-01 13:09:01','2003-08-01 16:49:48','VRRP'),(204,4,2,'2003-08-05 08:32:41','2003-08-05 12:15:58','VRRP'),(205,4,2,'2003-08-05 12:46:52','2003-08-05 14:26:43','VRRP'),(206,4,2,'2003-08-06 08:24:18','2003-08-06 12:03:53','VRRP'),(207,4,2,'2003-08-06 12:22:19','2003-08-06 16:53:46','VRRP'),(208,4,2,'2003-08-07 08:24:12','2003-08-07 12:10:07','VRRP'),(209,4,2,'2003-08-07 12:26:06','2003-08-07 16:36:32','VRRP'),(210,4,2,'2003-08-08 08:29:32','2003-08-08 12:26:37','VRRP'),(211,4,2,'2003-08-08 12:45:54','2003-08-08 16:52:48','VRRP'),(212,4,2,'2003-08-11 07:58:44','2003-08-11 12:19:41','VRRP'),(213,4,2,'2003-08-11 12:49:54','2003-08-11 17:12:54','VRRP'),(214,4,2,'2003-08-12 08:01:23','2003-08-12 12:17:15','VRRP'),(215,4,2,'2003-08-12 12:27:15','2003-08-12 15:29:22','VRRP'),(216,4,2,'2003-08-13 08:33:17','2003-08-13 13:10:14','VRRP'),(217,4,2,'2003-08-13 13:24:29','2003-08-13 15:59:37','VRRP'),(218,4,2,'2003-08-14 08:22:31','2003-08-14 12:16:41','VRRP'),(219,4,2,'2003-08-14 12:45:37','2003-08-14 16:10:23','VRRP'),(220,4,2,'2003-08-15 08:27:35','2003-08-15 12:06:06','VRRP'),(221,4,2,'2003-08-15 12:37:40','2003-08-15 16:14:54','VRRP'),(222,4,2,'2003-08-18 08:16:22','2003-08-18 12:22:28','VRRP'),(223,4,2,'2003-08-18 12:44:35','2003-08-18 14:59:15','VRRP'),(224,4,2,'2003-08-20 08:32:47','2003-08-20 12:27:29','VRRP'),(225,4,2,'2003-08-20 12:44:37','2003-08-20 14:58:15','VRRP'),(226,4,2,'2003-08-20 14:58:50','2003-08-20 17:07:45','ACN ASCII Config Converter'),(227,4,2,'2003-08-21 08:30:03','2003-08-21 12:28:17','ACN ASCII Config Converter'),(228,4,2,'2003-08-21 12:55:54','2003-08-21 16:51:16','ACN ASCII Config Converter'),(229,4,2,'2003-08-22 08:20:53','2003-08-22 12:37:50','ACN ASCII Config Converter'),(230,4,2,'2003-08-22 12:55:38','2003-08-22 16:36:56','ACN ASCII Config Converter'),(231,4,2,'2003-08-24 20:15:18','2003-08-24 22:45:18','ACN ASCII Config Converter'),(232,4,2,'2003-08-25 08:45:35','2003-08-25 12:30:34','ACN ASCII Config Converter'),(233,4,2,'2003-08-25 12:45:26','2003-08-25 16:39:30','ACN ASCII Config Converter'),(234,4,2,'2003-08-26 08:42:22','2003-08-26 12:46:30','ACN ASCII Config Converter'),(235,4,2,'2003-08-26 13:12:39','2003-08-26 18:28:34','ACN ASCII Config Converter'),(236,4,2,'2003-08-27 08:57:04','2003-08-27 12:42:46','ACN ASCII Config Converter'),(237,4,2,'2003-08-27 13:01:51','2003-08-27 17:24:13','ACN ASCII Config Converter'),(238,4,2,'2003-08-28 08:00:27','2003-08-28 12:36:20','ACN ASCII Config Converter'),(239,4,2,'2003-08-28 13:04:04','2003-08-28 16:40:56','ACN ASCII Config Converter'),(240,4,2,'2003-08-29 08:48:16','2003-08-29 12:31:56','ACN ASCII Config Converter'),(241,4,2,'2003-08-29 12:47:01','2003-08-29 16:37:37','ACN ASCII Config Converter'),(242,4,2,'2003-09-01 08:32:18','2003-09-01 12:25:12','ACN ASCII Config Converter'),(243,4,2,'2003-09-01 13:26:39','2003-09-01 17:00:07','ACN ASCII Config Converter'),(244,4,2,'2003-09-02 08:30:35','2003-09-02 12:18:49','ACN ASCII Config Converter'),(245,4,2,'2003-09-02 12:38:59','2003-09-02 17:22:16','ACN ASCII Config Converter'),(246,4,2,'2003-09-03 08:09:30','2003-09-03 11:58:04','ACN ASCII Config Converter'),(247,4,2,'2003-09-03 12:28:30','2003-09-03 16:57:27','ACN ASCII Config Converter'),(248,4,2,'2003-09-04 08:45:53','2003-09-04 12:29:53','ACN ASCII Config Converter'),(249,4,2,'2003-09-04 12:57:30','2003-09-04 17:19:32','ACN ASCII Config Converter'),(250,4,2,'2003-09-05 08:32:43','2003-09-05 12:24:00','Hard drive rebuild'),(251,4,2,'2003-09-05 12:47:54','2003-09-05 13:10:05','Hard drive rebuild'),(252,4,2,'2003-09-05 13:10:13','2003-09-05 17:07:12','ACN ASCII Config Converter'),(253,4,2,'2003-09-08 08:31:28','2003-09-08 13:40:35','ACN ASCII Config Converter'),(254,4,2,'2003-09-08 15:19:40','2003-09-08 17:20:45','ACN ASCII Config Converter'),(255,4,2,'2003-09-09 08:33:09','2003-09-09 12:35:09','ACN ASCII Config Converter'),(256,4,2,'2003-09-09 13:01:00','2003-09-09 16:31:58','ACN ASCII Config Converter'),(257,4,2,'2003-09-10 08:38:55','2003-09-10 12:43:45','ACN ASCII Config Converter'),(258,4,2,'2003-09-10 16:02:49','2003-09-10 17:22:45','ACN ASCII Config Converter'),(259,4,2,'2003-09-10 17:22:59','2003-09-10 17:34:45','ACN ASCII Config Converter Documentation'),(260,4,2,'2003-09-10 17:34:51','2003-09-10 18:11:14','ACN ASCII Config Converter'),(261,4,2,'2003-09-11 08:14:42','2003-09-11 12:11:54','ACN ASCII Config Converter'),(262,4,2,'2003-09-11 12:52:22','2003-09-11 17:18:17','ACN ASCII Config Converter'),(263,4,2,'2003-09-12 08:33:45','2003-09-12 12:41:34','ACN ASCII Config Converter'),(264,4,2,'2003-09-12 13:27:47','2003-09-12 17:08:26','ACN ASCII Config Converter'),(265,4,2,'2003-09-15 08:29:18','2003-09-15 11:52:28','ACN ASCII Config Converter'),(266,4,2,'2003-09-15 12:46:52','2003-09-15 17:05:13','ACN ASCII Config Converter'),(267,4,2,'2003-09-16 08:29:29','2003-09-16 11:52:16','ACN ASCII Config Converter'),(268,4,2,'2003-09-16 12:52:33','2003-09-16 17:37:31','ACN ASCII Config Converter'),(269,4,2,'2003-09-17 08:33:23','2003-09-17 11:17:03','VRRP'),(270,4,2,'2003-09-17 11:37:51','2003-09-17 17:14:54','VRRP'),(271,4,2,'2003-09-18 08:30:35','2003-09-18 11:30:30','VRRP'),(272,4,2,'2003-09-18 14:19:49','2003-09-18 15:58:19','VRRP'),(273,4,2,'2003-09-19 08:52:32','2003-09-19 13:10:26','VRRP'),(274,4,2,'2003-09-19 13:41:25','2003-09-19 16:45:58','VRRP'),(275,4,2,'2003-09-22 08:18:12','2003-09-22 11:58:57','VRRP'),(276,4,2,'2003-09-22 12:21:11','2003-09-22 16:53:13','VRRP'),(277,4,2,'2003-09-23 08:22:13','2003-09-23 11:31:54','VRRP'),(278,4,2,'2003-09-23 12:20:08','2003-09-23 16:38:42','VRRP'),(279,4,2,'2003-09-23 21:09:17','2003-09-23 23:21:53','VRRP'),(280,4,2,'2003-09-24 08:47:55','2003-09-24 11:47:20','VRRP'),(281,4,2,'2003-09-24 12:43:56','2003-09-24 16:35:23','VRRP'),(282,4,2,'2003-09-25 08:25:32','2003-09-25 11:26:55','VRRP'),(283,4,2,'2003-09-25 11:37:57','2003-09-25 16:45:25','VRRP'),(284,4,2,'2003-09-26 08:46:19','2003-09-26 11:53:31','VRRP'),(285,4,2,'2003-09-26 12:42:08','2003-09-26 17:52:39','VRRP'),(286,4,2,'2003-09-29 08:23:56','2003-09-29 11:51:04','VRRP'),(287,4,2,'2003-09-29 12:48:02','2003-09-29 16:45:03','VRRP'),(288,4,2,'2003-09-30 07:57:38','2003-09-30 11:45:10','VRRP'),(289,4,2,'2003-09-30 12:30:58','2003-09-30 13:53:21','VRRP'),(290,4,2,'2003-10-01 08:07:49','2003-10-01 09:22:58','VRRP'),(291,4,2,'2003-10-01 09:23:28','2003-10-01 11:04:45','MATIP Gateway Configurator Enhancements'),(292,4,2,'2003-10-01 11:04:51','2003-10-01 12:05:18','IXPAD Configurator Enhancements'),(293,4,2,'2003-10-01 13:07:36','2003-10-01 17:00:16','IXPAD Configurator Enhancements'),(294,4,2,'2003-10-02 08:37:35','2003-10-02 12:24:29','Integration Fixes & Enhancements'),(295,4,2,'2003-10-02 12:47:52','2003-10-02 17:00:18','Integration Fixes & Enhancements'),(296,4,2,'2003-10-03 08:21:22','2003-10-03 17:06:02','Integration Fixes & Enhancements'),(297,4,2,'2003-10-06 08:31:09','2003-10-06 16:37:47','Integration Fixes & Enhancements'),(298,4,2,'2003-10-07 07:56:13','2003-10-07 14:08:43','Integration Fixes & Enhancements'),(299,4,2,'2003-10-08 08:43:18','2003-10-08 12:31:05','Integration Fixes & Enhancements'),(300,4,2,'2003-10-08 13:02:53','2003-10-08 16:16:06','Integration Fixes & Enhancements'),(301,4,2,'2003-10-09 09:02:03','2003-10-09 12:09:31','Integration Fixes & Enhancements'),(302,4,2,'2003-10-09 12:44:58','2003-10-09 16:48:04','Integration Fixes & Enhancements'),(303,4,2,'2003-10-10 09:36:07','2003-10-10 16:50:18','Integration Fixes & Enhancements'),(304,4,2,'2003-10-13 09:10:04','2003-10-13 15:06:08','Integration Fixes & Enhancements'),(305,4,2,'2003-10-14 08:26:17','2003-10-14 10:08:10','Integration Fixes & Enhancements'),(306,4,2,'2003-10-14 10:08:45','2003-10-14 12:54:10','Code documentation'),(307,4,2,'2003-10-14 12:47:01','2003-10-14 15:52:16','ACN ASCII Config Converter'),(308,4,2,'2003-10-14 16:09:52','2003-10-14 17:34:23','ACN ASCII Config Converter'),(309,4,2,'2003-10-15 08:27:18','2003-10-15 11:29:39','ACN ASCII Config Converter'),(310,4,2,'2003-10-15 12:07:55','2003-10-15 18:16:32','IXPAD Configurator Enhancements'),(311,4,2,'2003-10-15 20:56:10','2003-10-15 22:36:29','IXPAD Configurator Enhancements'),(312,4,2,'2003-10-16 10:50:08','2003-10-16 16:45:51','IXPAD Configurator Enhancements'),(313,4,2,'2003-10-16 21:00:47','2003-10-16 23:06:18','IXPAD Configurator Enhancements'),(314,4,2,'2003-10-17 08:26:12','2003-10-17 09:56:27','IXPAD Configurator Enhancements'),(315,4,2,'2003-10-17 09:56:47','2003-10-17 15:47:35','ACN ASCII Config Converter'),(316,4,2,'2003-10-20 08:30:07','2003-10-20 17:06:18','ACN ASCII Config Converter'),(317,4,2,'2003-10-20 20:48:36','2003-10-20 22:38:21','ACN ASCII Config Converter'),(318,4,2,'2003-10-21 08:30:18','2003-10-21 10:33:59','ACN ASCII Config Converter'),(319,4,2,'2003-10-21 10:34:11','2003-10-21 13:01:40','Integration Fixes & Enhancements'),(320,4,2,'2003-10-21 13:01:48','2003-10-21 16:48:06','ACN ASCII Config Converter'),(321,4,2,'2003-10-21 21:43:13','2003-10-21 22:57:51','ACN ASCII Config Converter'),(322,4,2,'2003-10-22 08:49:00','2003-10-22 16:55:47','ACN ASCII Config Converter'),(323,4,2,'2003-10-23 08:31:02','2003-10-23 10:54:14','ACN ASCII Config Converter'),(324,4,2,'2003-10-23 10:54:23','2003-10-23 14:54:09','ACN ASCII Config Converter Documentation'),(325,4,2,'2003-10-23 14:54:15','2003-10-23 17:13:59','ACN ASCII Config Converter'),(326,4,2,'2003-10-23 20:31:00','2003-10-23 23:34:19','ACN ASCII Config Converter'),(327,4,2,'2003-10-24 08:45:43','2003-10-24 13:05:48','ACN ASCII Config Converter Documentation'),(328,4,2,'2003-10-24 13:05:55','2003-10-24 17:02:02','ACN ASCII Config Converter'),(329,4,2,'2003-10-24 20:32:39','2003-10-24 22:02:02','ACN ASCII Config Converter'),(330,4,2,'2003-10-24 22:02:06','2003-10-24 22:48:38','ACN ASCII Config Converter Documentation'),(331,4,2,'2003-10-26 14:19:25','2003-10-26 16:25:00','ACN ASCII Config Converter Documentation'),(332,4,2,'2003-10-27 08:56:57','2003-10-27 09:28:24','ACN ASCII Config Converter Documentation'),(333,4,2,'2003-10-27 09:28:34','2003-10-27 16:32:22','ACN ASCII Config Converter'),(334,4,2,'2003-10-28 07:57:53','2003-10-28 09:59:25','Integration Fixes & Enhancements'),(335,4,2,'2003-10-28 09:59:35','2003-10-28 12:49:30','ACN ASCII Config Converter'),(336,4,2,'2003-10-28 13:15:59','2003-10-28 17:00:23','ACN ASCII Config Converter'),(337,4,2,'2003-10-28 20:49:31','2003-10-28 22:42:34','ACN ASCII Config Converter'),(338,4,2,'2003-10-29 08:30:35','2003-10-29 10:00:47','Integration Fixes & Enhancements'),(339,4,2,'2003-10-29 12:03:59','2003-10-29 16:47:23','ACN ASCII Config Converter'),(340,4,2,'2003-10-29 20:04:10','2003-10-29 22:28:42','ACN ASCII Config Converter'),(341,4,2,'2003-10-30 08:37:54','2003-10-30 17:09:40','ACN ASCII Config Converter'),(342,4,2,'2003-10-30 20:26:06','2003-10-30 23:10:28','ACN ASCII Config Converter'),(343,4,2,'2003-10-31 08:08:18','2003-10-31 09:57:31','ACN ASCII Config Converter Documentation'),(344,4,2,'2003-10-31 09:57:40','2003-10-31 16:45:11','ACN ASCII Config Converter'),(345,5,3,'2003-11-10 08:25:18','2003-11-10 16:47:40','Workstation setup'),(346,5,3,'2003-11-11 08:41:43','2003-11-11 16:30:50','ACN ASCII Config Converter'),(347,5,3,'2003-11-12 08:45:07','2003-11-12 14:06:56','Fixes & Enhancements'),(348,5,3,'2003-11-12 14:07:03','2003-11-12 14:32:18','ACN ASCII Config Converter'),(349,5,3,'2003-11-13 08:41:40','2003-11-13 09:58:47','ACN ASCII Config Converter'),(350,5,3,'2003-11-13 12:20:28','2003-11-13 16:49:23','Fixes & Enhancements'),(351,5,3,'2003-11-14 08:45:03','2003-11-14 17:15:03','Fixes & Enhancements'),(352,5,3,'2003-11-17 08:55:01','2003-11-17 14:34:28','Fixes & Enhancements'),(353,5,3,'2003-11-17 14:34:43','2003-11-17 16:39:05','ACN ASCII Config Converter'),(354,5,3,'2003-11-18 08:20:55','2003-11-18 17:06:21','ACN ASCII Config Converter'),(355,5,3,'2003-11-19 09:37:32','2003-11-19 17:25:34','Fixes & Enhancements'),(356,5,3,'2003-11-20 08:30:43','2003-11-20 12:51:08','ACN ASCII Config Converter'),(357,5,3,'2003-11-20 13:05:28','2003-11-20 14:07:54','ACN ASCII Config Converter'),(358,5,3,'2003-11-20 14:08:00','2003-11-20 16:48:53','Fixes & Enhancements'),(359,5,3,'2003-11-21 08:40:44','2003-11-21 16:55:07','Fixes & Enhancements'),(360,5,3,'2003-11-24 08:42:52','2003-11-24 10:12:33','ACN ASCII Config Converter'),(361,5,3,'2003-11-24 10:12:41','2003-11-24 16:45:45','Fixes & Enhancements'),(362,5,3,'2003-11-25 10:40:30','2003-11-25 16:29:18','Fixes & Enhancements'),(363,5,3,'2003-11-26 08:50:23','2003-11-26 16:41:11','Fixes & Enhancements'),(364,5,3,'2003-11-27 08:30:51','2003-11-27 16:34:39','Fixes & Enhancements'),(365,5,3,'2003-11-28 09:02:08','2003-11-28 17:04:41','ACN ASCII Config Converter'),(366,5,3,'2003-12-01 08:56:55','2003-12-01 12:08:14','ACN ASCII Config Converter'),(367,5,3,'2003-12-01 12:08:22','2003-12-01 16:08:40','Fixes & Enhancements'),(368,5,3,'2003-12-01 16:08:45','2003-12-01 16:48:32','ACN ASCII Config Converter'),(369,5,3,'2003-12-02 09:09:51','2003-12-02 17:00:23','ACN ASCII Config Converter'),(370,5,3,'2003-12-08 07:59:41','2003-12-08 16:30:52','ACN ASCII Config Converter'),(371,5,3,'2003-12-09 08:30:49','2003-12-09 15:27:11','ACN ASCII Config Converter'),(372,5,3,'2003-12-09 16:32:06','2003-12-09 17:33:37','ACN ASCII Config Converter'),(373,5,3,'2003-12-10 08:49:29','2003-12-10 16:45:24','ACN ASCII Config Converter'),(374,5,3,'2003-12-11 07:50:26','2003-12-11 15:55:22','ACN ASCII Config Converter'),(375,5,3,'2003-12-12 08:12:50','2003-12-12 15:49:25','Fixes & Enhancements'),(376,5,3,'2003-12-15 08:20:35','2003-12-15 16:25:38','Fixes & Enhancements'),(377,5,3,'2003-12-16 08:20:43','2003-12-16 16:54:06','Fixes & Enhancements'),(378,5,3,'2003-12-17 08:17:29','2003-12-17 16:17:29','Fixes & Enhancements'),(379,5,3,'2003-12-18 08:15:00','2003-12-18 16:15:00','Fixes & Enhancements'),(380,5,3,'2003-12-19 08:30:00','2003-12-19 16:30:00','Fixes & Enhancements'),(381,5,3,'2003-12-22 08:15:44','2003-12-22 16:28:22','Fixes & Enhancements'),(382,5,3,'2003-12-23 07:30:48','2003-12-23 16:27:10','Fixes & Enhancements'),(383,5,3,'2003-12-24 10:37:36','2003-12-24 16:47:57','Fixes & Enhancements'),(384,5,3,'2003-12-29 05:10:28','2003-12-29 16:31:34','Fixes & Enhancements'),(385,5,3,'2003-12-30 08:42:48','2003-12-30 14:32:54','Research'),(386,5,3,'2003-12-31 09:32:58','2003-12-31 11:33:02','Research'),(387,5,3,'2003-12-31 11:33:13','2003-12-31 16:11:27','Fixes & Enhancements'),(388,5,3,'2004-01-01 09:11:36','2004-01-01 12:55:54','Research'),(389,5,3,'2004-01-02 07:53:33','2004-01-02 16:15:56','Research'),(390,5,3,'2004-01-07 07:45:21','2004-01-07 15:55:10','Research'),(391,5,3,'2004-01-08 09:22:34','2004-01-08 10:36:14','Fixes & Enhancements'),(392,5,3,'2004-01-08 10:36:33','2004-01-08 15:23:32','RPM SCO Build'),(393,5,3,'2004-01-08 16:23:49','2004-01-08 16:49:50','RPM SCO Build'),(394,5,3,'2004-01-09 08:59:24','2004-01-09 09:40:44','RPM SCO Build'),(396,5,3,'2004-01-09 09:40:55','2004-01-09 11:33:37','Documentation Review'),(397,5,3,'2004-01-09 11:33:46','2004-01-09 16:42:37','Fixes & Enhancements'),(398,5,3,'2004-01-12 09:01:33','2004-01-12 16:38:25','Fixes & Enhancements'),(399,5,3,'2004-01-13 09:09:45','2004-01-13 16:52:34','Fixes & Enhancements'),(400,5,3,'2004-01-14 08:03:13','2004-01-14 16:43:21','Fixes & Enhancements'),(401,5,3,'2004-01-15 08:35:24','2004-01-15 17:21:03','Fixes & Enhancements'),(402,5,3,'2004-01-16 08:56:10','2004-01-16 16:15:14','Fixes & Enhancements'),(403,5,3,'2004-01-19 08:25:37','2004-01-19 16:41:23','Fixes & Enhancements'),(404,5,3,'2004-01-20 09:25:21','2004-01-20 15:32:57','Fixes & Enhancements'),(405,5,3,'2004-01-20 17:05:31','2004-01-20 18:49:44','Fixes & Enhancements'),(406,5,3,'2004-01-21 09:45:31','2004-01-21 17:42:37','Fixes & Enhancements'),(407,5,3,'2004-01-22 09:33:49','2004-01-22 15:32:29','Fixes & Enhancements'),(408,5,3,'2004-01-22 15:57:55','2004-01-22 18:00:33','Fixes & Enhancements'),(409,5,3,'2004-01-23 09:00:13','2004-01-23 16:40:46','Fixes & Enhancements'),(410,5,3,'2004-01-26 08:38:54','2004-01-26 10:17:17','Fixes & Enhancements'),(411,5,3,'2004-01-26 10:18:08','2004-01-26 16:51:38','Equant File Transfer Script'),(412,5,3,'2004-01-27 09:06:33','2004-01-27 14:33:19','Fixes & Enhancements'),(413,5,3,'2004-01-28 08:47:28','2004-01-28 10:39:11','Fixes & Enhancements'),(414,5,3,'2004-01-29 09:15:05','2004-01-29 13:37:41','Fixes & Enhancements'),(415,5,3,'2004-01-29 13:37:50','2004-01-29 18:51:02','RPM SCO Build'),(416,5,3,'2004-01-30 08:07:27','2004-01-30 17:38:31','RPM SCO Build'),(417,5,3,'2004-02-02 08:38:52','2004-02-02 13:10:26','Fixes & Enhancements'),(418,5,3,'2004-02-02 13:10:26','2004-02-02 13:30:25','Cross-functional Meeting'),(419,5,3,'2004-02-02 13:30:25','2004-02-02 16:40:47','RPM SCO Build'),(420,5,3,'2004-02-03 09:25:53','2004-02-03 10:52:40','RPM SCO Build'),(421,5,3,'2004-02-03 10:52:58','2004-02-03 15:24:10','Fixes & Enhancements'),(422,5,3,'2004-02-04 08:53:13','2004-02-04 16:59:22','Fixes & Enhancements'),(423,5,3,'2004-02-05 09:20:05','2004-02-05 15:31:37','Fixes & Enhancements'),(424,5,3,'2004-02-05 15:56:39','2004-02-05 18:05:48','Fixes & Enhancements'),(425,5,3,'2004-02-06 08:40:41','2004-02-06 16:51:17','Fixes & Enhancements'),(426,5,3,'2004-02-09 08:36:26','2004-02-09 12:59:57','Equant File Transfer Script'),(427,5,3,'2004-02-09 12:59:57','2004-02-09 13:45:18','Cross-functional Meeting'),(428,5,3,'2004-02-09 13:45:18','2004-02-09 15:38:16','Equant File Transfer Script'),(429,5,3,'2004-02-10 09:15:29','2004-02-10 16:50:30','Equant File Transfer Script'),(430,5,3,'2004-02-11 08:13:08','2004-02-11 10:59:20','Equant File Transfer Script'),(431,5,3,'2004-02-11 10:59:26','2004-02-11 16:37:17','Fixes & Enhancements'),(432,5,3,'2004-02-12 09:15:23','2004-02-12 16:13:34','Equant File Transfer Script'),(433,5,3,'2004-02-13 09:16:00','2004-02-13 10:16:12','Equant File Transfer Script'),(434,5,3,'2004-02-13 11:59:25','2004-02-13 15:37:01','Equant File Transfer Script'),(435,5,3,'2004-02-13 16:06:01','2004-02-13 18:11:39','Fixes & Enhancements'),(436,5,3,'2004-02-16 09:07:10','2004-02-16 11:57:57','Equant File Transfer Script'),(437,5,3,'2004-02-16 11:58:11','2004-02-16 13:38:53','Company Meeting'),(438,5,3,'2004-02-16 13:39:06','2004-02-16 16:23:39','Equant File Transfer Script'),(439,5,3,'2004-02-17 09:25:57','2004-02-17 13:00:50','Equant File Transfer Script'),(440,5,3,'2004-02-17 13:00:57','2004-02-17 14:05:30','Cross-functional Meeting'),(441,5,3,'2004-02-17 14:05:41','2004-02-17 15:59:01','Equant File Transfer Script'),(442,5,3,'2004-02-17 15:59:05','2004-02-17 16:53:53','Fixes & Enhancements'),(443,5,3,'2004-02-18 08:30:16','2004-02-18 10:49:28','Fixes & Enhancements'),(444,5,3,'2004-02-18 10:49:30','2004-02-18 16:45:28','Equant File Transfer Script'),(445,5,3,'2004-02-19 09:24:23','2004-02-19 15:22:39','Equant File Transfer Script'),(446,5,3,'2004-02-20 13:11:55','2004-02-20 16:38:45','Equant File Transfer Script'),(447,5,3,'2004-02-23 08:58:06','2004-02-23 12:59:25','Equant File Transfer Script'),(448,5,3,'2004-02-23 12:59:26','2004-02-23 13:35:38','Cross-functional Meeting'),(449,5,3,'2004-02-23 13:35:46','2004-02-23 16:02:47','Equant File Transfer Script'),(450,5,3,'2004-02-24 09:24:22','2004-02-24 15:08:17','Equant File Transfer Script'),(451,5,3,'2004-02-25 09:04:57','2004-02-25 11:28:36','Fixes & Enhancements'),(452,5,3,'2004-02-25 11:28:40','2004-02-25 17:02:11','Equant File Transfer Script'),(453,5,3,'2004-02-26 06:26:09','2004-02-26 08:02:43','Equant File Transfer Script'),(454,5,3,'2004-02-26 09:21:48','2004-02-26 15:12:43','Equant File Transfer Script'),(455,5,3,'2004-02-27 09:20:04','2004-02-27 10:22:28','Fixes & Enhancements'),(456,5,3,'2004-02-27 10:22:41','2004-02-27 16:31:28','Equant File Transfer Script'),(457,5,3,'2004-03-01 09:21:13','2004-03-01 11:15:21','Documentation'),(458,5,3,'2004-03-01 11:15:31','2004-03-01 11:43:10','Fixes & Enhancements'),(459,5,3,'2004-03-01 11:43:19','2004-03-01 13:03:35','Documentation'),(460,5,3,'2004-03-01 13:03:35','2004-03-01 14:09:11','Cross-functional Meeting'),(461,5,3,'2004-03-01 14:09:11','2004-03-01 16:58:45','Documentation'),(462,5,3,'2004-03-02 09:20:46','2004-03-02 10:40:46','Documentation'),(463,5,3,'2004-03-02 10:40:53','2004-03-02 15:14:04','Equant File Transfer Script'),(464,5,3,'2004-03-02 15:52:09','2004-03-02 17:30:29','Fixes & Enhancements'),(465,5,3,'2004-03-03 08:33:51','2004-03-03 09:26:01','Fixes & Enhancements'),(466,5,3,'2004-03-03 09:26:21','2004-03-03 13:32:12','Documentation'),(467,5,3,'2004-03-03 13:32:17','2004-03-03 14:51:39','Fixes & Enhancements'),(468,5,3,'2004-03-03 14:51:46','2004-03-03 16:43:41','Documentation'),(469,5,3,'2004-03-04 09:12:24','2004-03-04 16:35:31','Documentation'),(470,5,3,'2004-03-05 08:25:42','2004-03-05 15:16:45','Documentation'),(471,5,3,'2004-03-08 09:31:55','2004-03-08 12:59:40','Documentation'),(472,5,3,'2004-03-08 12:57:23','2004-03-08 13:34:52','Cross-functional Meeting'),(473,5,3,'2004-03-08 13:35:11','2004-03-08 14:10:40','Documentation'),(474,5,3,'2004-03-09 09:15:29','2004-03-09 10:13:11','Fixes & Enhancements'),(475,5,3,'2004-03-09 10:13:23','2004-03-09 11:30:44','ACN ASCII Config Converter'),(476,5,3,'2004-03-09 11:30:56','2004-03-09 16:02:47','Documentation'),(477,5,3,'2004-03-10 09:31:24','2004-03-10 15:17:13','Documentation'),(478,5,3,'2004-03-10 15:17:21','2004-03-10 17:35:20','Equant File Transfer Script'),(479,5,3,'2004-03-11 08:15:40','2004-03-11 16:30:40','Fixes & Enhancements'),(480,5,3,'2004-03-12 09:11:16','2004-03-12 17:21:20','Fixes & Enhancements'),(481,5,3,'2004-03-14 20:18:26','2004-03-14 23:01:29','Fixes & Enhancements'),(482,5,3,'2004-03-15 09:21:22','2004-03-15 16:57:49','Equant File Transfer Script'),(483,5,3,'2004-03-16 09:15:13','2004-03-16 10:59:11','Fixes & Enhancements'),(484,5,3,'2004-03-16 14:35:56','2004-03-16 17:10:23','Fixes & Enhancements'),(485,5,3,'2004-03-17 08:22:59','2004-03-17 13:12:52','Equant File Transfer Script'),(486,5,3,'2004-03-17 15:25:12','2004-03-17 18:34:10','Equant File Transfer Script'),(487,5,3,'2004-03-18 08:59:39','2004-03-18 12:03:27','Equant File Transfer Script'),(488,5,3,'2004-03-18 12:03:36','2004-03-18 17:35:15','Fixes & Enhancements'),(489,5,3,'2004-03-19 08:19:55','2004-03-19 15:05:27','Fixes & Enhancements'),(490,5,3,'2004-03-25 08:46:28','2004-03-25 12:36:52','Documentation'),(491,5,3,'2004-03-25 12:37:01','2004-03-25 13:41:18','Fixes & Enhancements'),(492,5,3,'2004-03-25 13:41:21','2004-03-25 17:05:49','Documentation'),(493,5,3,'2004-03-26 08:59:55','2004-03-26 16:28:54','Documentation'),(494,5,3,'2004-03-26 16:29:03','2004-03-26 17:56:03','Fixes & Enhancements'),(495,5,3,'2004-03-27 13:10:26','2004-03-27 17:17:30','Fixes & Enhancements'),(498,5,3,'2004-03-29 13:35:00','2004-03-29 17:08:55','Fixes & Enhancements'),(499,5,3,'2004-03-30 08:54:31','2004-03-30 16:28:15','Fixes & Enhancements'),(500,5,3,'2004-03-31 08:48:26','2004-03-31 10:20:26','Fixes & Enhancements'),(497,5,3,'2004-03-29 12:58:00','2004-03-29 13:35:00','Cross-functional Meeting'),(496,5,3,'2004-03-29 08:23:43','2004-03-29 12:59:00','Fixes & Enhancements'),(503,5,3,'2004-03-31 10:20:34','2004-03-31 14:19:44','Documentation'),(504,5,3,'2004-03-31 14:20:12','2004-03-31 16:42:15','ACN ASCII Config Converter'),(505,5,3,'2004-04-01 09:10:51','2004-04-01 15:07:45','ACN ASCII Config Converter'),(506,5,3,'2004-04-02 09:25:17','2004-04-02 13:00:14','ACN ASCII Config Converter'),(507,5,3,'2004-04-02 13:00:15','2004-04-02 14:30:00','Knowledge Transfer'),(508,5,3,'2004-04-02 14:30:01','2004-04-02 16:30:00','Workstation clean-up');
/*!40000 ALTER TABLE `timelog` ENABLE KEYS */;
UNLOCK TABLES;
/*!40103 SET TIME_ZONE=@OLD_TIME_ZONE */;

/*!40101 SET SQL_MODE=@OLD_SQL_MODE */;
/*!40014 SET FOREIGN_KEY_CHECKS=@OLD_FOREIGN_KEY_CHECKS */;
/*!40014 SET UNIQUE_CHECKS=@OLD_UNIQUE_CHECKS */;
/*!40101 SET CHARACTER_SET_CLIENT=@OLD_CHARACTER_SET_CLIENT */;
/*!40101 SET CHARACTER_SET_RESULTS=@OLD_CHARACTER_SET_RESULTS */;
/*!40101 SET COLLATION_CONNECTION=@OLD_COLLATION_CONNECTION */;
/*!40111 SET SQL_NOTES=@OLD_SQL_NOTES */;

-- Dump completed on 2010-05-20 22:15:29
